{
  "Argentina": {"city": "Buenos Aires", "lon": -58.3816, "lat": -34.6037},
  "Bolivia": {"city": "La Paz", "lon": -68.1193, "lat": -16.4897},
  "Brazil": {"city": "Brasilia", "lon": -47.8825, "lat": -15.7942},
  "Chile": {"city": "Santiago", "lon": -70.6693, "lat": -33.4489},
  "Colombia": {"city": "Bogotá", "lon": -74.0721, "lat": 4.7110},
  "Ecuador": {"city": "Quito", "lon": -78.4678, "lat": -0.1807},
  "Guyana": {"city": "Georgetown", "lon": -58.1553, "lat": 6.8013},
  "Paraguay": {"city": "Asunción", "lon": -57.5759, "lat": -25.2637},
  "Peru": {"city": "Lima", "lon": -77.0428, "lat": -12.0464},
  "Suriname": {"city": "Paramaribo", "lon": -55.2038, "lat": 5.8520},
  "Uruguay": {"city": "Montevideo", "lon": -56.1645, "lat": -34.9011},
  "Venezuela": {"city": "Caracas", "lon": -66.9036, "lat": 10.4806},
  "French Guiana": {"city": "Cayenne", "lon": -52.3350, "lat": 4.9220},
  "Turkey": {"city": "Ankara", "lon": 32.8597, "lat": 39.9334},
  "Syria": {"city": "Damascus", "lon": 36.2765, "lat": 33.5138},
  "Lebanon": {"city": "Beirut", "lon": 35.4951, "lat": 33.8886},
  "Israel": {"city": "Jerusalem", "lon": 35.2137, "lat": 31.7683},
  "Palestine": {"city": "Ramallah", "lon": 35.2063, "lat": 31.9038},
  "Jordan": {"city": "Amman", "lon": 35.9239, "lat": 31.9539},
  "Iraq": {"city": "Baghdad", "lon": 44.3661, "lat": 33.3152},
  "Kuwait": {"city": "Kuwait City", "lon": 47.9774, "lat": 29.3759},
  "Saudi Arabia": {"city": "Riyadh", "lon": 46.7219, "lat": 24.7136},
  "Bahrain": {"city": "Manama", "lon": 50.5861, "lat": 26.2285},
  "Qatar": {"city": "Doha", "lon": 51.5310, "lat": 25.2854},
  "United Arab Emirates": {"city": "Abu Dhabi", "lon": 54.3773, "lat": 24.4539},
  "Oman": {"city": "Muscat", "lon": 58.4059, "lat": 23.5880},
  "Yemen": {"city": "Sanaa", "lon": 44.2075, "lat": 15.3694},
  "Iran": {"city": "Tehran", "lon": 51.3890, "lat": 35.6892},
  "Georgia": {"city": "Tbilisi", "lon": 44.8271, "lat": 41.7151},
  "Armenia": {"city": "Yerevan", "lon": 44.5152, "lat": 40.1792},
  "Azerbaijan": {"city": "Baku", "lon": 49.8671, "lat": 40.4093},
  "Kazakhstan": {"city": "Astana", "lon": 71.4704, "lat": 51.1694},
  "Uzbekistan": {"city": "Tashkent", "lon": 69.2401, "lat": 41.2995},
  "Turkmenistan": {"city": "Ashgabat", "lon": 58.3260, "lat": 37.9601},
  "Kyrgyzstan": {"city": "Bishkek", "lon": 74.5698, "lat": 42.8746},
  "Tajikistan": {"city": "Dushanbe", "lon": 68.7870, "lat": 38.5598},
  "Afghanistan": {"city": "Kabul", "lon": 69.2075, "lat": 34.5553}
}
